algorithm,test_acc,train_acc_avg,train_accs_var,train_acc_1,train_acc_2,train_acc_3,train_acc_4,train_acc_5
None,0.7925,0.797625,0.00019021874999999947,0.779375,0.8025,0.786875,0.819375,0.8
PC,0.8165,0.8125,1.7968750000000044e-05,0.80625,0.816875,0.814375,0.81625,0.80875
FCI,0.8165,0.8125,1.7968750000000044e-05,0.80625,0.816875,0.814375,0.81625,0.80875
GES,0.8605,0.841,3.415624999999981e-05,0.839375,0.843125,0.83625,0.85125,0.835
GES (parents),0.831,0.826875,3.140625000000027e-05,0.823125,0.825625,0.829375,0.83625,0.82
