algorithm,test_acc,train_acc_avg,train_accs_var,train_acc_1,train_acc_2,train_acc_3,train_acc_4,train_acc_5
None,0.761,0.7457499999999999,1.0375000000000001e-05,0.740625,0.746875,0.745625,0.750625,0.745
PC,0.826,0.8188749999999999,3.349999999999979e-05,0.8175,0.828125,0.82,0.81875,0.81
FCI,0.826,0.819125,3.368749999999977e-05,0.8175,0.828125,0.82,0.82,0.81
GES,0.8445,0.8341249999999999,1.056250000000006e-05,0.838125,0.83125,0.83375,0.8375,0.83
GES (parents),0.8305,0.83125,2.17187500000001e-05,0.83125,0.83,0.833125,0.838125,0.82375
