algorithm,test_acc,train_acc_avg,train_accs_var,train_acc_1,train_acc_2,train_acc_3,train_acc_4,train_acc_5
None,0.752,0.7477499999999999,3.290624999999987e-05,0.75,0.74375,0.74,0.756875,0.748125
PC,0.826,0.819125,3.368749999999977e-05,0.8175,0.828125,0.82,0.82,0.81
FCI,0.826,0.819125,3.368749999999977e-05,0.8175,0.828125,0.82,0.82,0.81
GES,0.8445,0.8341249999999999,1.056250000000006e-05,0.838125,0.83125,0.83375,0.8375,0.83
GES (parents),0.8305,0.83125,2.17187500000001e-05,0.83125,0.83,0.833125,0.838125,0.82375
